n_min,bce_at_step_mean,auc_at_step_mean,bce_baseline_mean,auc_baseline_mean,species_count
1,0.9264900207095739,0.7574589524561915,1.9078234187151282,0.7556912756885148,5
5,1.0057073487902295,0.7580348332149991,1.9078234187151282,0.7556912756885148,5
10,1.0001436540579425,0.7607863130324289,1.9078234187151282,0.7556912756885148,5
20,0.9935867167400888,0.7477940606115633,1.9078234187151282,0.7556912756885148,5
